benchmark,impl,precision,gflops,peak_gflops,pct_of_peak
saxpy_fp32,phobos,f32,71.6,11427.8,0.6
saxpy_fp32,cuBLAS,f32,72.1,11427.8,0.6
gemm_fp32,phobos,f32,8309.9,11427.8,72.7
gemm_fp32,cuBLAS,f32,10964.4,11427.8,95.9
gemm_fp16tc_fp32acc,phobos,f16-tc-f32-acc,21442.3,45711.4,46.9
gemm_fp16tc_fp32acc,cuBLAS,f32,10966.9,11427.8,96.0
gemm_fp16,phobos,f16-tc,46420.5,91422.7,50.8
gemm_fp16,cuBLAS,f16-tc,79879.0,91422.7,87.4
flash_fp32,phobos,f32,5474.8,11427.8,47.9
flash_fp16,phobos,f16-tc-f32-acc,6141.8,45711.4,13.4
